time,pitch,yaw,hfov,user16_img21_28_8_2020 @ 2:9:45
23,0,0,100,
62,0,0,100,
846,0,0,100,
861,0,0,100,
882,0,0,100,
901,0,0,100,
921,0,0,100,
950,0,0,100,
961,0,0,100,
982,0,0,100,
1001,0,0,100,
1021,0,0,100,
1042,0,0,100,
1062,0,0,100,
1081,0,0,100,
1102,0,0,100,
1121,0,0,100,
1141,0,0,100,
1161,0,0,100,
1181,0,0,100,
1201,0,0,100,
1221,0,0,100,
1241,0,0,100,
1261,0,0,100,
1281,0,0,100,
1301,0,0,100,
1321,0,0,100,
1341,0,0,100,
1361,0,0,100,
1381,0,0,100,
1401,0,0,100,
1421,0,0,100,
1442,0,0,100,
1461,0,0,100,
1481,0,0,100,
1501,0,0,100,
1521,0,0,100,
1541,0,0,100,
1561,0,0,100,
1581,0,0,100,
1601,0,0,100,
1625,0,0,100,
1641,0,0,100,
1661,0,-0.27352345575525305,100,
1681,-0.29536657189433285,-1.7866019769763852,100,
1701,-0.7376734431028158,-4.99243168212854,100,
1722,-1.3259571171187314,-15.954275764868385,100,
1741,-1.619443299076923,-22.618288944816868,100,
1761,-2.0588154748665373,-33.064286678631504,100,
1781,-2.205037716902466,-37.509728340011236,100,
1806,-2.4971196902348534,-42.882271636867586,100,
1821,-2.7887075564237924,-44.58196377350674,100,
1841,-2.7887075564237924,-45.027342445518116,100,
1865,-2.9343121971384707,-45.68916732918592,100,
1881,-2.9343121971384707,-45.68916732918592,100,
1902,-2.9343121971384707,-45.68916732918592,100,
1922,-2.9343121971384707,-45.68916732918592,100,
1941,-2.9343121971384707,-45.68916732918592,100,
1961,-2.9343121971384707,-45.68916732918592,100,
1983,-2.9343121971384707,-45.68916732918592,100,
2001,-2.9343121971384707,-45.68916732918592,100,
2021,-2.9343121971384707,-45.68916732918592,100,
2041,-2.9343121971384707,-45.68916732918592,100,
2061,-2.9343121971384707,-45.68916732918592,100,
2082,-2.9343121971384707,-45.68916732918592,100,
2102,-2.9343121971384707,-45.68916732918592,100,
2121,-2.9343121971384707,-45.68916732918592,100,
2141,-2.9343121971384707,-45.68916732918592,100,
2161,-2.9343121971384707,-45.68916732918592,100,
2181,-2.9343121971384707,-45.68916732918592,100,
2203,-2.9343121971384707,-45.68916732918592,100,
2221,-2.9343121971384707,-45.68916732918592,100,
2241,-2.9343121971384707,-45.68916732918592,100,
2261,-2.9343121971384707,-45.68916732918592,100,
2291,-0.9953960663528798,-45.94521753800893,100,
2362,15.444678894546254,-50.26714169347707,100,
2388,17.696146082395234,-51.475363019357076,100,
2406,18.744418795933264,-52.15156530978766,100,
2421,18.744418795933264,-52.15156530978766,100,
2442,18.744418795933264,-52.15156530978766,100,
2461,18.744418795933264,-52.15156530978766,100,
2481,18.744418795933264,-52.15156530978766,100,
2504,18.744418795933264,-52.15156530978766,100,
2521,18.744418795933264,-52.15156530978766,100,
2541,18.744418795933264,-52.15156530978766,100,
2562,18.744418795933264,-52.15156530978766,100,
2581,18.744418795933264,-52.15156530978766,100,
2601,18.744418795933264,-52.15156530978766,100,
2621,18.744418795933264,-52.15156530978766,100,
2641,18.744418795933264,-52.15156530978766,100,
2661,18.744418795933264,-52.15156530978766,100,
2681,18.744418795933264,-52.15156530978766,100,
2701,18.744418795933264,-52.15156530978766,100,
2721,18.744418795933264,-52.15156530978766,100,
2741,18.744418795933264,-52.15156530978766,100,
2761,18.744418795933264,-52.15156530978766,100,
2782,18.744418795933264,-52.15156530978766,100,
2821,18.744418795933264,-52.15156530978766,100,
2846,18.744418795933264,-52.15156530978766,100,
2861,18.744418795933264,-52.15156530978766,100,
2881,18.744418795933264,-52.15156530978766,100,
2904,18.744418795933264,-52.15156530978766,100,
2921,18.744418795933264,-52.15156530978766,100,
2941,18.744418795933264,-52.15156530978766,100,
2961,18.744418795933264,-52.15156530978766,100,
2986,18.744418795933264,-52.15156530978766,100,
3001,18.744418795933264,-52.15156530978766,100,
3021,18.744418795933264,-52.15156530978766,100,
3041,18.744418795933264,-52.15156530978766,100,
3061,18.744418795933264,-52.15156530978766,100,
3081,18.744418795933264,-52.15156530978766,100,
3104,18.744418795933264,-52.15156530978766,100,
3121,18.744418795933264,-52.15156530978766,100,
3141,18.744418795933264,-52.15156530978766,100,
3161,18.744418795933264,-52.15156530978766,100,
3181,18.744418795933264,-52.15156530978766,100,
3201,18.744418795933264,-52.15156530978766,100,
3221,18.744418795933264,-52.15156530978766,100,
3241,18.744418795933264,-52.15156530978766,100,
3261,18.744418795933264,-52.15156530978766,100,
3304,18.744418795933264,-52.15156530978766,100,
3321,18.744418795933264,-52.15156530978766,100,
3341,18.744418795933264,-52.15156530978766,100,
3363,18.744418795933264,-52.15156530978766,100,
3380,18.744418795933264,-52.15156530978766,100,
3403,18.744418795933264,-52.15156530978766,100,
3420,18.744418795933264,-52.15156530978766,100,
3441,18.744418795933264,-52.15156530978766,100,
3461,18.744418795933264,-52.15156530978766,100,
3481,18.744418795933264,-52.15156530978766,100,
3501,18.744418795933264,-52.15156530978766,100,
3521,18.744418795933264,-52.15156530978766,100,
3541,18.744418795933264,-52.15156530978766,100,
3562,18.744418795933264,-52.15156530978766,100,
3586,18.744418795933264,-52.15156530978766,100,
3602,18.744418795933264,-52.15156530978766,100,
3622,18.744418795933264,-52.15156530978766,100,
3641,18.744418795933264,-52.15156530978766,100,
3661,18.744418795933264,-52.15156530978766,100,
3681,18.744418795933264,-52.15156530978766,100,
3701,18.744418795933264,-52.15156530978766,100,
3721,18.744418795933264,-52.15156530978766,100,
3741,18.744418795933264,-52.15156530978766,100,
3761,18.744418795933264,-52.15156530978766,100,
3781,18.744418795933264,-52.15156530978766,100,
3801,18.744418795933264,-52.15156530978766,100,
3822,18.744418795933264,-52.15156530978766,100,
3853,18.744418795933264,-52.15156530978766,100,
3861,18.744418795933264,-52.15156530978766,100,
3883,18.744418795933264,-52.15156530978766,100,
3902,18.744418795933264,-52.15156530978766,100,
3927,18.744418795933264,-52.15156530978766,100,
3945,18.744418795933264,-52.15156530978766,100,
3978,18.744418795933264,-52.15156530978766,100,
3982,18.744418795933264,-52.15156530978766,100,
4001,18.744418795933264,-52.15156530978766,100,
4021,18.744418795933264,-52.15156530978766,100,
4041,18.744418795933264,-52.15156530978766,100,
4061,18.744418795933264,-52.15156530978766,100,
4081,18.744418795933264,-52.15156530978766,100,
4101,18.744418795933264,-52.15156530978766,100,
4121,18.744418795933264,-52.15156530978766,100,
4141,18.744418795933264,-52.15156530978766,100,
4161,18.744418795933264,-52.15156530978766,100,
4181,18.744418795933264,-52.15156530978766,100,
4201,18.744418795933264,-52.15156530978766,100,
4221,18.744418795933264,-52.15156530978766,100,
4241,18.744418795933264,-52.15156530978766,100,
4261,18.744418795933264,-52.15156530978766,100,
4281,18.744418795933264,-52.15156530978766,100,
4301,18.744418795933264,-52.15156530978766,100,
4321,18.744418795933264,-52.15156530978766,100,
4341,18.744418795933264,-52.15156530978766,100,
4361,18.744418795933264,-52.15156530978766,100,
4381,18.744418795933264,-52.15156530978766,100,
4401,18.744418795933264,-52.15156530978766,100,
4424,18.744418795933264,-52.15156530978766,100,
4441,18.744418795933264,-52.15156530978766,100,
4462,18.744418795933264,-52.15156530978766,100,
4482,18.744418795933264,-52.15156530978766,100,
4507,18.744418795933264,-52.15156530978766,100,
4521,18.744418795933264,-52.15156530978766,100,
4541,18.744418795933264,-52.15156530978766,100,
4561,18.744418795933264,-52.15156530978766,100,
4581,18.744418795933264,-52.15156530978766,100,
4601,18.744418795933264,-52.15156530978766,100,
4621,18.744418795933264,-52.15156530978766,100,
4641,18.744418795933264,-52.15156530978766,100,
4664,18.744418795933264,-52.15156530978766,100,
4685,18.744418795933264,-52.15156530978766,100,
4701,18.744418795933264,-52.15156530978766,100,
4721,18.744418795933264,-52.15156530978766,100,
4741,18.744418795933264,-52.15156530978766,100,
4761,18.744418795933264,-52.15156530978766,100,
4781,18.744418795933264,-52.15156530978766,100,
4801,18.744418795933264,-52.15156530978766,100,
4821,18.744418795933264,-52.15156530978766,100,
4843,18.744418795933264,-52.15156530978766,100,
4861,18.744418795933264,-52.15156530978766,100,
4882,18.744418795933264,-52.15156530978766,100,
4902,18.744418795933264,-52.15156530978766,100,
4921,18.744418795933264,-52.15156530978766,100,
4941,18.744418795933264,-52.15156530978766,100,
4961,18.744418795933264,-52.15156530978766,100,
4981,18.744418795933264,-52.15156530978766,100,
5001,18.744418795933264,-52.15156530978766,100,
5021,18.744418795933264,-52.15156530978766,100,
5041,18.744418795933264,-52.15156530978766,100,
5061,18.744418795933264,-52.15156530978766,100,
5081,18.744418795933264,-52.15156530978766,100,
5101,18.744418795933264,-52.15156530978766,100,
5121,18.744418795933264,-52.15156530978766,100,
5141,18.744418795933264,-52.15156530978766,100,
5161,18.744418795933264,-52.15156530978766,100,
5182,18.744418795933264,-52.15156530978766,100,
5201,18.744418795933264,-52.15156530978766,100,
5221,18.744418795933264,-52.15156530978766,100,
5241,18.744418795933264,-52.15156530978766,100,
5262,18.744418795933264,-52.15156530978766,100,
5281,18.744418795933264,-52.15156530978766,100,
5301,18.744418795933264,-52.15156530978766,100,
5321,18.744418795933264,-52.15156530978766,100,
5341,18.744418795933264,-52.15156530978766,100,
5361,18.744418795933264,-52.15156530978766,100,
5381,18.744418795933264,-52.15156530978766,100,
5401,18.744418795933264,-52.15156530978766,100,
5421,18.744418795933264,-52.15156530978766,100,
5441,18.744418795933264,-52.15156530978766,100,
5462,18.744418795933264,-52.15156530978766,100,
5488,18.744418795933264,-52.15156530978766,100,
5502,18.744418795933264,-52.15156530978766,100,
5521,18.744418795933264,-52.15156530978766,100,
5541,18.744418795933264,-52.15156530978766,100,
5561,18.744418795933264,-52.15156530978766,100,
5581,18.744418795933264,-52.15156530978766,100,
5602,18.744418795933264,-52.15156530978766,100,
5621,18.744418795933264,-52.15156530978766,100,
5641,18.744418795933264,-52.15156530978766,100,
5661,18.744418795933264,-52.15156530978766,100,
5681,18.744418795933264,-52.15156530978766,100,
5701,18.744418795933264,-52.15156530978766,100,
5722,18.744418795933264,-52.15156530978766,100,
5741,18.744418795933264,-52.15156530978766,100,
5761,18.744418795933264,-52.15156530978766,100,
5781,18.744418795933264,-52.15156530978766,100,
5801,18.744418795933264,-52.15156530978766,100,
5824,18.744418795933264,-52.15156530978766,100,
5858,18.744418795933264,-52.15156530978766,100,
5860,18.744418795933264,-52.15156530978766,100,
5891,18.744418795933264,-52.15156530978766,100,
5902,18.744418795933264,-52.15156530978766,100,
5921,18.744418795933264,-52.15156530978766,100,
5941,18.744418795933264,-52.15156530978766,100,
5961,18.744418795933264,-52.15156530978766,100,
5981,18.744418795933264,-52.15156530978766,100,
6001,18.744418795933264,-52.15156530978766,100,
6021,18.744418795933264,-52.15156530978766,100,
6042,18.744418795933264,-52.15156530978766,100,
6064,18.744418795933264,-52.15156530978766,100,
6085,18.744418795933264,-52.15156530978766,100,
6101,18.744418795933264,-52.15156530978766,100,
6121,18.744418795933264,-52.15156530978766,100,
6141,18.744418795933264,-52.15156530978766,100,
6180,18.744418795933264,-52.15156530978766,100,
6190,18.744418795933264,-52.15156530978766,100,
6271,18.744418795933264,-52.15156530978766,100,
6281,18.744418795933264,-52.15156530978766,100,
6302,18.744418795933264,-52.15156530978766,100,
6322,18.744418795933264,-52.15156530978766,100,
6342,18.744418795933264,-52.15156530978766,100,
6362,18.744418795933264,-52.15156530978766,100,
6381,18.744418795933264,-52.15156530978766,100,
6401,18.744418795933264,-52.15156530978766,100,
6423,18.744418795933264,-52.15156530978766,100,
6442,18.744418795933264,-52.15156530978766,100,
6461,18.744418795933264,-52.15156530978766,100,
6481,18.744418795933264,-52.15156530978766,100,
6502,18.744418795933264,-52.15156530978766,100,
6521,18.744418795933264,-52.15156530978766,100,
6541,18.744418795933264,-52.15156530978766,100,
6563,18.744418795933264,-52.15156530978766,100,
6587,18.744418795933264,-52.15156530978766,100,
6601,18.744418795933264,-52.15156530978766,100,
6626,18.744418795933264,-52.15156530978766,100,
6669,18.744418795933264,-52.15156530978766,100,
6681,18.744418795933264,-52.15156530978766,100,
6701,18.744418795933264,-52.15156530978766,100,
6721,18.744418795933264,-52.15156530978766,100,
6741,18.744418795933264,-52.15156530978766,100,
6761,18.744418795933264,-52.15156530978766,100,
6781,18.744418795933264,-52.15156530978766,100,
6802,18.744418795933264,-52.15156530978766,100,
6821,18.744418795933264,-52.15156530978766,100,
6842,18.744418795933264,-52.15156530978766,100,
6863,18.744418795933264,-52.15156530978766,100,
6882,18.744418795933264,-52.15156530978766,100,
6901,18.744418795933264,-52.15156530978766,100,
6924,18.744418795933264,-52.15156530978766,100,
6941,18.744418795933264,-52.15156530978766,100,
6961,18.744418795933264,-52.15156530978766,100,
6981,18.744418795933264,-52.15156530978766,100,
7001,18.744418795933264,-52.15156530978766,100,
7021,18.744418795933264,-52.15156530978766,100,
7042,18.744418795933264,-52.15156530978766,100,
7071,18.744418795933264,-52.15156530978766,100,
7087,18.744418795933264,-52.15156530978766,100,
7106,18.744418795933264,-52.15156530978766,100,
7127,18.744418795933264,-52.15156530978766,100,
7152,18.744418795933264,-52.15156530978766,100,
7161,18.744418795933264,-52.15156530978766,100,
7181,18.744418795933264,-52.15156530978766,100,
7201,18.744418795933264,-52.15156530978766,100,
7221,18.744418795933264,-52.15156530978766,100,
7241,18.744418795933264,-52.15156530978766,100,
7261,18.744418795933264,-52.15156530978766,100,
7281,18.744418795933264,-52.15156530978766,100,
7301,18.744418795933264,-52.15156530978766,100,
7322,18.744418795933264,-52.15156530978766,100,
7341,18.744418795933264,-52.15156530978766,100,
7362,18.744418795933264,-52.15156530978766,100,
7381,18.744418795933264,-52.15156530978766,100,
7401,18.744418795933264,-52.15156530978766,100,
7421,18.744418795933264,-52.15156530978766,100,
7452,18.744418795933264,-52.15156530978766,100,
7464,18.744418795933264,-52.15156530978766,100,
7481,18.744418795933264,-52.15156530978766,100,
7501,18.744418795933264,-52.15156530978766,100,
7521,18.744418795933264,-52.15156530978766,100,
7552,18.744418795933264,-52.15156530978766,100,
7564,18.744418795933264,-52.15156530978766,100,
7581,18.744418795933264,-52.15156530978766,100,
7601,18.744418795933264,-52.15156530978766,100,
7621,18.744418795933264,-52.15156530978766,100,
7641,18.744418795933264,-52.15156530978766,100,
7661,18.744418795933264,-52.15156530978766,100,
7681,18.744418795933264,-52.15156530978766,100,
7701,18.744418795933264,-52.15156530978766,100,
7721,18.744418795933264,-52.15156530978766,100,
7741,18.744418795933264,-52.15156530978766,100,
7761,18.744418795933264,-52.15156530978766,100,
7781,18.744418795933264,-52.15156530978766,100,
7801,18.744418795933264,-52.15156530978766,100,
7821,18.744418795933264,-52.15156530978766,100,
7841,18.744418795933264,-52.15156530978766,100,
7861,18.744418795933264,-52.15156530978766,100,
7881,18.744418795933264,-52.15156530978766,100,
7901,18.744418795933264,-52.15156530978766,100,
7921,18.744418795933264,-52.15156530978766,100,
7941,18.744418795933264,-52.15156530978766,100,
7961,18.744418795933264,-52.15156530978766,100,
7981,18.744418795933264,-52.15156530978766,100,
8001,18.744418795933264,-52.15156530978766,100,
8021,18.744418795933264,-52.15156530978766,100,
8041,18.744418795933264,-52.15156530978766,100,
8062,18.744418795933264,-52.15156530978766,100,
8081,18.744418795933264,-52.15156530978766,100,
8101,18.744418795933264,-52.15156530978766,100,
8121,18.744418795933264,-52.15156530978766,100,
8141,18.744418795933264,-52.15156530978766,100,
8161,18.744418795933264,-52.15156530978766,100,
8181,18.744418795933264,-52.15156530978766,100,
8202,18.744418795933264,-52.15156530978766,100,
8221,18.744418795933264,-52.15156530978766,100,
8241,18.744418795933264,-52.15156530978766,100,
8273,18.744418795933264,-52.15156530978766,100,
8281,18.744418795933264,-52.15156530978766,100,
8301,18.744418795933264,-52.15156530978766,100,
8321,18.744418795933264,-52.15156530978766,100,
8341,18.744418795933264,-52.15156530978766,100,
8361,18.744418795933264,-52.15156530978766,100,
8381,18.744418795933264,-52.15156530978766,100,
8401,18.744418795933264,-52.15156530978766,100,
8421,18.744418795933264,-52.15156530978766,100,
8443,18.744418795933264,-52.15156530978766,100,
8462,18.744418795933264,-52.15156530978766,100,
8481,18.744418795933264,-52.15156530978766,100,
8501,18.744418795933264,-52.15156530978766,100,
8521,18.744418795933264,-52.15156530978766,100,
8541,18.744418795933264,-52.15156530978766,100,
8561,18.744418795933264,-52.15156530978766,100,
8582,18.744418795933264,-52.15156530978766,100,
8601,18.744418795933264,-52.15156530978766,100,
8621,18.744418795933264,-52.15156530978766,100,
8641,18.744418795933264,-52.15156530978766,100,
8661,18.744418795933264,-52.15156530978766,100,
8681,18.744418795933264,-52.15156530978766,100,
8701,18.744418795933264,-52.15156530978766,100,
8730,18.744418795933264,-52.15156530978766,100,
8741,18.744418795933264,-52.15156530978766,100,
8761,18.744418795933264,-52.15156530978766,100,
8781,18.744418795933264,-52.15156530978766,100,
8801,18.744418795933264,-52.15156530978766,100,
8821,18.744418795933264,-52.15156530978766,100,
8841,18.744418795933264,-52.15156530978766,100,
8861,18.744418795933264,-52.15156530978766,100,
8881,18.744418795933264,-52.15156530978766,100,
8901,18.744418795933264,-52.15156530978766,100,
8921,18.744418795933264,-52.15156530978766,100,
8941,18.744418795933264,-52.15156530978766,100,
8962,18.744418795933264,-52.15156530978766,100,
8981,18.744418795933264,-52.15156530978766,100,
9001,18.744418795933264,-52.15156530978766,100,
9021,18.744418795933264,-52.15156530978766,100,
9041,18.744418795933264,-52.15156530978766,100,
9061,18.744418795933264,-52.15156530978766,100,
9084,18.744418795933264,-52.15156530978766,100,
9103,18.744418795933264,-52.15156530978766,100,
9121,18.744418795933264,-52.15156530978766,100,
9141,18.744418795933264,-52.15156530978766,100,
9162,18.744418795933264,-52.15156530978766,100,
9181,18.744418795933264,-52.15156530978766,100,
9201,18.744418795933264,-52.15156530978766,100,
9222,18.744418795933264,-52.15156530978766,100,
9241,18.744418795933264,-52.15156530978766,100,
9261,18.744418795933264,-52.15156530978766,100,
9281,18.744418795933264,-52.15156530978766,100,
9301,18.744418795933264,-52.15156530978766,100,
9322,18.744418795933264,-52.15156530978766,100,
9342,18.744418795933264,-52.15156530978766,100,
9362,18.744418795933264,-52.15156530978766,100,
9381,18.744418795933264,-52.15156530978766,100,
9401,18.744418795933264,-52.15156530978766,100,
9421,18.744418795933264,-52.15156530978766,100,
9441,18.744418795933264,-52.15156530978766,100,
9462,18.744418795933264,-52.15156530978766,100,
9481,18.744418795933264,-52.15156530978766,100,
9501,18.744418795933264,-52.15156530978766,100,
9528,18.744418795933264,-52.15156530978766,100,
9541,18.744418795933264,-52.15156530978766,100,
9561,18.744418795933264,-52.15156530978766,100,
9581,18.744418795933264,-52.15156530978766,100,
9602,18.744418795933264,-52.15156530978766,100,
9621,18.744418795933264,-52.15156530978766,100,
9641,18.744418795933264,-52.15156530978766,100,
9661,18.744418795933264,-52.15156530978766,100,
9685,18.744418795933264,-52.15156530978766,100,
9701,18.744418795933264,-52.15156530978766,100,
9721,18.744418795933264,-52.15156530978766,100,
9741,18.744418795933264,-52.15156530978766,100,
9761,18.744418795933264,-52.15156530978766,100,
9781,18.744418795933264,-52.15156530978766,100,
9802,18.744418795933264,-52.15156530978766,100,
9841,18.744418795933264,-52.15156530978766,100,
9872,18.744418795933264,-52.15156530978766,100,
9909,18.744418795933264,-52.15156530978766,100,
9920,18.744418795933264,-52.15156530978766,100,
9950,18.744418795933264,-52.15156530978766,100,
9979,18.744418795933264,-52.15156530978766,100,
9982,18.744418795933264,-52.15156530978766,100,
10059,18.744418795933264,-52.15156530978766,100,
10090,18.744418795933264,-52.15156530978766,100,
10128,18.744418795933264,-52.15156530978766,100,
10141,18.744418795933264,-52.15156530978766,100,
10161,18.744418795933264,-52.15156530978766,100,
10181,18.744418795933264,-52.15156530978766,100,
10201,18.744418795933264,-52.15156530978766,100,
10222,18.744418795933264,-52.15156530978766,100,
10241,18.744418795933264,-52.15156530978766,100,
10261,18.744418795933264,-52.15156530978766,100,
10281,18.744418795933264,-52.15156530978766,100,
10301,18.744418795933264,-52.15156530978766,100,
10321,18.744418795933264,-52.15156530978766,100,
10350,18.744418795933264,-52.15156530978766,100,
10362,18.744418795933264,-52.15156530978766,100,
10382,18.744418795933264,-52.15156530978766,100,
10402,18.744418795933264,-51.9133267985826,100,
10427,17.230383371015,-50.22347416387265,100,
10441,15.83431461484425,-48.868996193417104,100,
10473,7.732266772081587,-40.96613334291112,100,
10482,7.732266772081587,-40.96613334291112,100,
10506,2.9583635541098907,-35.48367339725985,100,
10524,1.3069637317180103,-33.664030649568076,100,
10541,-0.34559997492260663,-31.405540227123765,100,
10562,-2.446507582533812,-27.275757564535525,100,
10581,-3.3449026302004867,-22.55701383935275,100,
10610,-3.4944723695254645,-15.059962021144997,100,
10623,-3.0456161050371513,-12.841991126133621,100,
10642,-2.446507582533812,-10.112198482630447,100,
10663,-1.2465730300400786,-6.910216564313487,100,
10691,0.7060314757943367,-0.7935470003321825,100,
10708,1.9077419820812906,3.1598721759903583,100,
10727,2.658310863579082,5.110699952182699,100,
10742,2.9583635541098907,5.89665163073164,100,
10761,3.108344783830944,6.00810028330352,100,
10781,3.707924494423766,7.001773569199031,100,
10805,5.502321211799542,10.088661454966086,100,
10823,6.098606708810371,10.807515669393752,100,
10843,6.990898089353797,11.616624971925262,100,
10861,7.435976220819327,11.916632333636812,100,
10885,7.584165499629478,11.916632333636812,100,
10906,7.584165499629478,11.916632333636812,100,
10921,7.584165499629478,11.916632333636812,100,
10941,7.584165499629478,11.916632333636812,100,
10971,7.584165499629478,11.916632333636812,100,
10981,7.584165499629478,11.916632333636812,100,
11002,7.584165499629478,11.916632333636812,100,
11021,7.584165499629478,11.916632333636812,100,
11041,7.584165499629478,11.916632333636812,100,
11061,7.584165499629478,11.916632333636812,100,
11081,7.584165499629478,11.916632333636812,100,
11102,7.584165499629478,11.916632333636812,100,
11121,7.584165499629478,11.916632333636812,100,
11141,7.584165499629478,11.916632333636812,100,
11162,7.584165499629478,11.916632333636812,100,
11186,7.584165499629478,11.916632333636812,100,
11201,7.584165499629478,11.916632333636812,100,
11221,7.584165499629478,11.916632333636812,100,
11246,7.584165499629478,11.916632333636812,100,
11263,7.584165499629478,11.916632333636812,100,
11285,7.584165499629478,11.916632333636812,100,
11301,7.584165499629478,11.916632333636812,100,
11321,7.584165499629478,11.916632333636812,100,
11341,7.584165499629478,11.916632333636812,100,
11364,7.584165499629478,11.916632333636812,100,
11381,7.584165499629478,11.916632333636812,100,
11401,7.584165499629478,11.916632333636812,100,
11424,7.584165499629478,11.916632333636812,100,
11442,7.584165499629478,11.916632333636812,100,
11461,7.584165499629478,11.916632333636812,100,
11487,7.584165499629478,11.916632333636812,100,
11507,7.584165499629478,11.916632333636812,100,
11528,7.584165499629478,11.916632333636812,100,
11549,7.584165499629478,11.916632333636812,100,
11561,7.584165499629478,11.916632333636812,100,
11584,7.584165499629478,11.916632333636812,100,
11601,7.584165499629478,11.916632333636812,100,
11623,7.584165499629478,11.916632333636812,100,
11641,7.584165499629478,11.916632333636812,100,
11663,7.584165499629478,11.916632333636812,100,
11683,7.584165499629478,11.916632333636812,100,
11701,7.584165499629478,11.916632333636812,100,
11740,7.584165499629478,11.916632333636812,100,
11742,7.584165499629478,11.916632333636812,100,
11769,7.584165499629478,11.916632333636812,100,
11781,7.584165499629478,11.916632333636812,100,
11801,7.584165499629478,11.916632333636812,100,
11822,7.584165499629478,11.916632333636812,100,
11841,7.584165499629478,11.916632333636812,100,
11861,7.584165499629478,11.916632333636812,100,
11881,7.584165499629478,11.916632333636812,100,
11901,7.584165499629478,11.916632333636812,100,
11921,7.584165499629478,11.916632333636812,100,
11941,7.584165499629478,11.916632333636812,100,
11961,7.584165499629478,11.916632333636812,100,
11982,7.584165499629478,11.916632333636812,100,
12001,7.584165499629478,11.916632333636812,100,
12021,7.584165499629478,11.916632333636812,100,
12041,7.584165499629478,11.916632333636812,100,
12061,7.584165499629478,11.916632333636812,100,
12082,7.584165499629478,11.916632333636812,100,
12101,7.584165499629478,11.916632333636812,100,
12121,7.584165499629478,11.916632333636812,100,
12141,7.584165499629478,11.916632333636812,100,
12163,7.584165499629478,11.916632333636812,100,
12181,7.584165499629478,11.916632333636812,100,
12203,7.584165499629478,11.916632333636812,100,
12221,7.584165499629478,11.916632333636812,100,
12241,7.584165499629478,11.916632333636812,100,
12261,7.584165499629478,11.916632333636812,100,
12283,7.584165499629478,11.916632333636812,100,
12301,7.584165499629478,11.916632333636812,100,
12321,7.584165499629478,11.916632333636812,100,
12341,7.584165499629478,11.916632333636812,100,
12361,7.584165499629478,11.916632333636812,100,
12381,7.584165499629478,11.916632333636812,100,
12401,7.584165499629478,11.916632333636812,100,
12421,7.584165499629478,11.916632333636812,100,
12441,7.584165499629478,11.916632333636812,100,
12461,7.584165499629478,11.916632333636812,100,
12481,7.584165499629478,11.916632333636812,100,
12501,7.584165499629478,11.916632333636812,100,
12521,7.584165499629478,11.916632333636812,100,
12541,7.584165499629478,11.916632333636812,100,
12561,7.584165499629478,11.916632333636812,100,
12581,7.584165499629478,11.916632333636812,100,
12601,7.584165499629478,11.916632333636812,100,
12621,7.584165499629478,11.916632333636812,100,
12641,7.584165499629478,11.916632333636812,100,
12661,7.584165499629478,11.916632333636812,100,
12681,7.584165499629478,11.916632333636812,100,
12701,7.584165499629478,11.916632333636812,100,
12721,7.584165499629478,11.916632333636812,100,
12741,7.584165499629478,11.916632333636812,100,
12761,7.584165499629478,11.916632333636812,100,
12782,7.584165499629478,11.916632333636812,100,
12802,7.584165499629478,11.916632333636812,100,
12821,7.584165499629478,11.916632333636812,100,
12841,7.584165499629478,11.916632333636812,100,
12861,7.584165499629478,11.916632333636812,100,
12881,7.584165499629478,11.916632333636812,100,
12901,7.584165499629478,11.916632333636812,100,
12921,7.584165499629478,11.916632333636812,100,
12941,7.584165499629478,11.916632333636812,100,
12961,7.584165499629478,11.916632333636812,100,
12981,7.584165499629478,11.916632333636812,100,
13002,7.584165499629478,11.916632333636812,100,
13022,7.584165499629478,11.916632333636812,100,
13041,7.584165499629478,11.916632333636812,100,
13061,7.584165499629478,11.916632333636812,100,
13081,7.584165499629478,11.916632333636812,100,
13101,7.584165499629478,11.916632333636812,100,
13121,7.584165499629478,11.916632333636812,100,
13141,7.584165499629478,11.916632333636812,100,
13161,7.584165499629478,11.916632333636812,100,
13185,7.584165499629478,11.916632333636812,100,
13201,7.584165499629478,11.916632333636812,100,
13221,7.584165499629478,11.916632333636812,100,
13241,7.584165499629478,11.916632333636812,100,
13261,7.584165499629478,11.916632333636812,100,
13281,7.584165499629478,11.916632333636812,100,
13301,7.584165499629478,11.916632333636812,100,
13321,7.584165499629478,11.916632333636812,100,
13341,7.584165499629478,11.916632333636812,100,
13361,7.584165499629478,11.916632333636812,100,
13381,7.584165499629478,11.916632333636812,100,
13406,7.584165499629478,11.916632333636812,100,
13421,7.584165499629478,11.916632333636812,100,
13441,7.584165499629478,11.916632333636812,100,
13461,7.584165499629478,11.916632333636812,100,
13481,7.584165499629478,11.916632333636812,100,
13501,7.584165499629478,11.916632333636812,100,
13521,7.584165499629478,11.916632333636812,100,
13541,7.584165499629478,11.916632333636812,100,
13561,7.584165499629478,11.916632333636812,100,
13581,7.584165499629478,11.916632333636812,100,
13601,7.584165499629478,11.916632333636812,100,
13621,7.584165499629478,11.916632333636812,100,
13641,7.584165499629478,11.916632333636812,100,
13661,7.584165499629478,11.916632333636812,100,
13681,7.584165499629478,11.916632333636812,100,
13701,7.584165499629478,11.916632333636812,100,
13721,7.584165499629478,11.916632333636812,100,
13741,7.584165499629478,11.916632333636812,100,
13761,7.584165499629478,11.916632333636812,100,
13782,7.584165499629478,11.916632333636812,100,
13801,7.584165499629478,11.916632333636812,100,
13821,7.584165499629478,11.916632333636812,100,
13841,7.584165499629478,11.916632333636812,100,
13861,7.584165499629478,11.916632333636812,100,
13881,7.584165499629478,11.916632333636812,100,
13901,7.584165499629478,11.916632333636812,100,
13921,7.584165499629478,11.916632333636812,100,
13941,7.584165499629478,11.916632333636812,100,
13962,7.584165499629478,11.916632333636812,100,
13981,7.584165499629478,11.916632333636812,100,
14001,7.584165499629478,11.916632333636812,100,
14021,7.584165499629478,11.916632333636812,100,
14041,7.584165499629478,11.916632333636812,100,
14061,7.584165499629478,11.916632333636812,100,
14081,7.584165499629478,11.916632333636812,100,
14101,7.584165499629478,11.916632333636812,100,
14128,7.584165499629478,11.916632333636812,100,
14141,7.584165499629478,11.916632333636812,100,
14161,7.584165499629478,11.916632333636812,100,
14181,7.584165499629478,11.916632333636812,100,
14201,7.584165499629478,11.916632333636812,100,
14221,7.584165499629478,11.916632333636812,100,
14241,7.584165499629478,11.916632333636812,100,
14261,7.584165499629478,11.916632333636812,100,
14281,7.584165499629478,11.916632333636812,100,
14301,7.584165499629478,11.916632333636812,100,
14321,7.584165499629478,11.916632333636812,100,
14342,7.584165499629478,11.916632333636812,100,
14361,7.584165499629478,11.916632333636812,100,
14383,7.584165499629478,11.916632333636812,100,
14401,7.584165499629478,11.916632333636812,100,
14455,7.584165499629478,11.916632333636812,100,
14462,7.584165499629478,11.916632333636812,100,
14507,7.584165499629478,11.916632333636812,100,
14524,7.584165499629478,11.916632333636812,100,
14545,7.584165499629478,11.916632333636812,100,
14565,7.584165499629478,11.916632333636812,100,
14581,7.584165499629478,11.916632333636812,100,
14607,7.584165499629478,11.916632333636812,100,
14649,7.584165499629478,11.916632333636812,100,
14667,7.584165499629478,11.916632333636812,100,
14686,7.584165499629478,11.916632333636812,100,
14713,7.584165499629478,11.916632333636812,100,
14724,7.584165499629478,11.916632333636812,100,
14741,7.584165499629478,11.916632333636812,100,
14762,7.584165499629478,11.916632333636812,100,
14781,7.584165499629478,11.916632333636812,100,
14807,7.584165499629478,11.916632333636812,100,
14821,7.584165499629478,11.916632333636812,100,
14841,7.584165499629478,11.916632333636812,100,
14861,7.584165499629478,11.916632333636812,100,
14881,7.584165499629478,11.916632333636812,100,
14901,7.584165499629478,11.916632333636812,100,
14921,7.584165499629478,11.916632333636812,100,
14943,7.584165499629478,11.916632333636812,100,
14961,7.584165499629478,11.916632333636812,100,
14981,7.584165499629478,11.774662219476454,100,
15005,8.097689374940549,11.490558962284808,100,
15021,8.744719515463386,10.637044909615952,100,
15043,10.58602344970134,7.3533622913288355,100,
15069,11.792042237204301,4.778651330036951,100,
15081,11.792042237204301,4.778651330036951,100,
15106,12.16382586989416,3.984936170509968,100,
15121,12.16382586989416,3.984936170509968,100,
15142,13.554404936972011,-0.4883270695237343,100,
15163,13.554404936972011,-1.1340111178409416,100,
15181,13.554404936972011,-1.187301298692887,100,
15207,13.554404936972011,-1.3444766160852168,100,
15226,13.554404936972011,-1.4275324329537398,100,
15241,13.554404936972011,-1.4967465093789087,100,
15330,13.554404936972011,-1.7948346643678406,100,
15377,13.554404936972011,-1.9630408925957,100,
15385,13.554404936972011,-1.9950202617535524,100,
15402,13.554404936972011,-2.0535475215090173,100,
15422,13.554404936972011,-2.0535475215090173,100,
15446,13.554404936972011,-2.1629240211158276,100,
15467,13.554404936972011,-2.2188228358642164,100,
15486,13.554404936972011,-2.27304468617001,100,
15511,13.554404936972011,-2.3256398809668326,100,
15531,13.554404936972011,-2.3766572199195934,100,
15548,13.554404936972011,-2.4201328457139653,100,
15561,13.554404936972011,-2.454920332725237,100,
15583,13.554404936972011,-2.5014824805192575,100,
15603,13.554404936972011,-2.546647763879605,100,
15620,13.554404936972011,-2.5904580887390694,100,
15658,13.554404936972011,-2.6597842129683613,100,
15662,13.554404936972011,-2.6597842129683613,100,
15688,13.554404936972011,-2.69976871358881,100,
15704,13.554404936972011,-2.738553679190659,100,
15721,13.554404936972011,-2.76928152447897,100,
15741,13.554404936972011,-2.8057742986137555,100,
15761,13.554404936972011,-2.8324685482298264,100,
15781,13.554404936972011,-2.8668045994132854,100,
15801,13.554404936972011,-2.8998754680974344,100,
15821,13.554404936972011,-2.932182258655871,100,
15841,13.554404936972011,-2.9622018234655343,100,
15866,13.554404936972011,-3.0213216631260593,100,
15887,13.554404936972011,-3.049922632521657,100,
15909,13.554404936972011,-3.0776655728353717,100,
15926,13.554404936972011,-3.103214862538607,100,
15941,13.554404936972011,-3.103214862538607,100,
15963,13.554404936972011,-3.1293181950798044,100,
15981,13.554404936972011,-3.147101934890884,100,
16004,13.554404936972011,-3.1851368808622738,100,
16021,13.554404936972011,-3.2031551763104744,100,
16041,13.554404936972011,-3.225570996147667,100,
16063,13.554404936972011,-3.247314341389824,100,
16081,13.554404936972011,-3.268405386274708,100,
16101,13.554404936972011,-3.268405386274708,100,
16121,13.554404936972011,-3.288863699813078,100,
16201,13.554404936972011,-3.3277473722379227,100,
16225,13.554404936972011,-3.3645307205100607,100,
16244,13.554404936972011,-3.382098970453967,100,
16263,13.554404936972011,-3.399140172899365,100,
16284,13.554404936972011,-3.415670139271583,100,
16304,13.554404936972011,-3.431704206652512,100,
16341,13.554404936972011,-3.4472572520120366,100,
16361,13.554404936972011,-3.46234370601087,100,
16381,13.554404936972011,-3.4769775663895643,100,
16401,13.554404936972011,-3.4899992488037697,100,
16423,13.554404936972011,-3.5037682480341346,100,
16441,13.554404936972011,-3.5171241772876556,100,
16461,13.554404936972011,-3.530079428663498,100,
16483,13.554404936972011,-3.541703527959953,100,
16504,13.554404936972011,-3.5538931239796057,100,
16544,13.554404936972011,-3.577024305023315,100,
16565,13.554404936972011,-3.5881494201912574,100,
16585,13.554404936972011,-3.5989407819042754,100,
16608,13.554404936972011,-3.60940840276578,100,
16623,13.554404936972011,-3.618092710478095,100,
16641,13.554404936972011,-3.627941694946685,100,
16661,13.554404936972011,-3.63670844982812,100,
16690,13.554404936972011,-3.6459753593146615,100,
16751,13.554404936972011,-3.6636834966525385,100,
16761,13.554404936972011,-3.6636834966525385,100,
16780,13.554404936972011,-3.6636834966525385,100,
16803,13.554404936972011,-3.6636834966525385,100,
16821,13.554404936972011,-3.6636834966525385,100,
16841,13.554404936972011,-3.6636834966525385,100,
16861,13.554404936972011,-3.6636834966525385,100,
16881,13.554404936972011,-3.6636834966525385,100,
16901,13.554404936972011,-3.6636834966525385,100,
16921,13.554404936972011,-3.6636834966525385,100,
16941,13.554404936972011,-3.6636834966525385,100,
16962,13.554404936972011,-3.6636834966525385,100,
16983,13.554404936972011,-3.6636834966525385,100,
17001,13.554404936972011,-3.6636834966525385,100,
17021,13.554404936972011,-3.6636834966525385,100,
17041,13.554404936972011,-3.6636834966525385,100,
17061,13.554404936972011,-3.6636834966525385,100,
17081,13.554404936972011,-3.6636834966525385,100,
17104,13.554404936972011,-3.6636834966525385,100,
17121,13.554404936972011,-3.6636834966525385,100,
17141,13.554404936972011,-3.6636834966525385,100,
17161,13.554404936972011,-3.6636834966525385,100,
17182,13.554404936972011,-3.6636834966525385,100,
17201,13.554404936972011,-3.6636834966525385,100,
17221,13.554404936972011,-3.6636834966525385,100,
17242,13.554404936972011,-3.6636834966525385,100,
17262,13.554404936972011,-3.6636834966525385,100,
17281,13.554404936972011,-3.6636834966525385,100,
17301,13.554404936972011,-3.6636834966525385,100,
17321,13.554404936972011,-3.6636834966525385,100,
17341,13.554404936972011,-3.6636834966525385,100,
17362,13.554404936972011,-3.6636834966525385,100,
17381,13.554404936972011,-3.6636834966525385,100,
17401,13.554404936972011,-3.6636834966525385,100,
17421,13.554404936972011,-3.6636834966525385,100,
17441,13.554404936972011,-3.6636834966525385,100,
17461,13.554404936972011,-3.6636834966525385,100,
17481,13.554404936972011,-3.6636834966525385,100,
17501,13.554404936972011,-3.6636834966525385,100,
17521,13.554404936972011,-3.6636834966525385,100,
17541,13.554404936972011,-3.6636834966525385,100,
17561,13.554404936972011,-3.6636834966525385,100,
17581,13.554404936972011,-3.6636834966525385,100,
17618,13.554404936972011,-3.6636834966525385,100,
17636,13.554404936972011,-3.6636834966525385,100,
17657,13.554404936972011,-3.6636834966525385,100,
17663,13.554404936972011,-3.6636834966525385,100,
17682,13.554404936972011,-3.6636834966525385,100,
17705,13.554404936972011,-3.6636834966525385,100,
17731,13.554404936972011,-3.6636834966525385,100,
17746,13.554404936972011,-3.6636834966525385,100,
17767,13.554404936972011,-3.6636834966525385,100,
17781,13.554404936972011,-3.6636834966525385,100,
17801,13.554404936972011,-3.6636834966525385,100,
17822,13.554404936972011,-3.6636834966525385,100,
17841,13.554404936972011,-3.6636834966525385,100,
17861,13.554404936972011,-3.6636834966525385,100,
17881,13.554404936972011,-3.6636834966525385,100,
17901,13.554404936972011,-3.6636834966525385,100,
17929,13.554404936972011,-3.6636834966525385,100,
17941,13.554404936972011,-3.6636834966525385,100,
17962,13.554404936972011,-3.6636834966525385,100,
17981,13.554404936972011,-3.6636834966525385,100,
18001,13.554404936972011,-3.6636834966525385,100,
18021,13.554404936972011,-3.6636834966525385,100,
18041,13.8111674623779,-4.343938411363752,100,
18063,14.586922085791064,-5.962582631565056,100,
18081,15.108596807809473,-6.6308890303517956,100,
18101,15.50218715115629,-7.295417530718737,100,
18121,16.42822602002902,-9.525090583091128,100,
18149,16.82833260100976,-10.941987777028316,100,
18161,16.82833260100976,-11.324733000115657,100,
18181,16.82833260100976,-11.324733000115657,100,
18203,16.82833260100976,-11.324733000115657,100,
18221,16.82833260100976,-11.324733000115657,100,
18241,16.82833260100976,-11.324733000115657,100,
18261,16.82833260100976,-11.324733000115657,100,
18281,16.82833260100976,-11.324733000115657,100,
18301,16.82833260100976,-11.324733000115657,100,
18321,16.82833260100976,-11.324733000115657,100,
18341,16.82833260100976,-11.324733000115657,100,
18361,16.82833260100976,-11.324733000115657,100,
18381,16.82833260100976,-11.324733000115657,100,
18401,16.82833260100976,-11.324733000115657,100,
18421,16.82833260100976,-11.324733000115657,100,
18442,16.82833260100976,-11.324733000115657,100,
18461,16.82833260100976,-11.324733000115657,100,
18481,16.82833260100976,-11.324733000115657,100,
18502,16.82833260100976,-11.324733000115657,100,
18521,16.82833260100976,-11.324733000115657,100,
18541,16.82833260100976,-11.324733000115657,100,
18561,16.82833260100976,-11.324733000115657,100,
18581,16.82833260100976,-11.324733000115657,100,
18601,16.82833260100976,-11.324733000115657,100,
18621,16.82833260100976,-11.324733000115657,100,
18641,16.82833260100976,-11.324733000115657,100,
18662,16.82833260100976,-11.324733000115657,100,
18690,16.82833260100976,-11.324733000115657,100,
18701,16.82833260100976,-11.324733000115657,100,
18721,16.82833260100976,-11.324733000115657,100,
18741,16.82833260100976,-11.324733000115657,100,
18761,16.82833260100976,-11.324733000115657,100,
18789,16.82833260100976,-11.324733000115657,100,
18802,16.82833260100976,-11.324733000115657,100,
18821,16.82833260100976,-11.324733000115657,100,
18841,16.82833260100976,-11.324733000115657,100,
18873,16.82833260100976,-11.324733000115657,100,
18881,16.82833260100976,-11.324733000115657,100,
18901,16.82833260100976,-11.324733000115657,100,
18921,16.82833260100976,-11.324733000115657,100,
18941,16.82833260100976,-11.324733000115657,100,
18961,16.82833260100976,-11.324733000115657,100,
18981,16.82833260100976,-11.324733000115657,100,
19001,16.82833260100976,-11.324733000115657,100,
19034,16.82833260100976,-11.324733000115657,100,
19041,16.82833260100976,-11.324733000115657,100,
19061,16.82833260100976,-11.324733000115657,100,
19096,16.82833260100976,-11.324733000115657,100,
19109,16.82833260100976,-11.324733000115657,100,
19129,16.82833260100976,-11.324733000115657,100,
19141,16.82833260100976,-11.324733000115657,100,
19162,16.82833260100976,-11.324733000115657,100,
19181,16.82833260100976,-11.324733000115657,100,
19201,16.82833260100976,-11.324733000115657,100,
19231,16.82833260100976,-11.324733000115657,100,
19241,16.82833260100976,-11.324733000115657,100,
19261,16.82833260100976,-11.324733000115657,100,
19286,16.82833260100976,-11.324733000115657,100,
19305,16.82833260100976,-11.324733000115657,100,
19323,16.82833260100976,-11.324733000115657,100,
19349,16.82833260100976,-11.324733000115657,100,
19361,16.82833260100976,-11.324733000115657,100,
19381,16.82833260100976,-11.324733000115657,100,
19402,16.82833260100976,-11.324733000115657,100,
19421,16.82833260100976,-11.324733000115657,100,
19442,16.82833260100976,-11.324733000115657,100,
19461,16.82833260100976,-11.324733000115657,100,
19482,16.82833260100976,-11.324733000115657,100,
19511,16.82833260100976,-11.324733000115657,100,
19521,16.82833260100976,-11.324733000115657,100,
19541,16.82833260100976,-11.324733000115657,100,
19561,16.82833260100976,-11.324733000115657,100,
19581,16.82833260100976,-11.324733000115657,100,
19601,16.82833260100976,-11.324733000115657,100,
19622,16.82833260100976,-11.324733000115657,100,
19642,16.82833260100976,-11.324733000115657,100,
19663,16.82833260100976,-11.324733000115657,100,
19681,16.82833260100976,-11.324733000115657,100,
19701,16.82833260100976,-11.324733000115657,100,
19721,16.82833260100976,-11.324733000115657,100,
19741,16.82833260100976,-11.324733000115657,100,
19761,16.82833260100976,-11.324733000115657,100,
19781,16.82833260100976,-11.324733000115657,100,
19801,16.82833260100976,-11.324733000115657,100,
19827,16.82833260100976,-11.324733000115657,100,
19841,16.82833260100976,-11.324733000115657,100,
19861,16.82833260100976,-11.324733000115657,100,
19881,16.82833260100976,-11.324733000115657,100,
19910,16.82833260100976,-11.324733000115657,100,
19921,16.82833260100976,-11.324733000115657,100,
19941,16.82833260100976,-11.324733000115657,100,
19961,16.82833260100976,-11.324733000115657,100,
19981,16.82833260100976,-11.324733000115657,100,
20001,16.82833260100976,-11.324733000115657,100,
20021,16.82833260100976,-11.324733000115657,100,
20041,16.82833260100976,-11.324733000115657,100,
20064,16.82833260100976,-11.324733000115657,100,
20094,16.82833260100976,-11.324733000115657,100,
20109,16.82833260100976,-11.324733000115657,100,
20125,16.82833260100976,-11.324733000115657,100,
20143,16.82833260100976,-11.324733000115657,100,
20161,16.82833260100976,-11.324733000115657,100,
20183,16.82833260100976,-11.324733000115657,100,
20202,16.82833260100976,-11.324733000115657,100,
20223,16.82833260100976,-11.324733000115657,100,
20242,16.82833260100976,-11.324733000115657,100,
20261,16.82833260100976,-11.324733000115657,100,
20281,16.82833260100976,-11.324733000115657,100,
20301,16.82833260100976,-11.324733000115657,100,
20321,16.82833260100976,-11.324733000115657,100,
20341,16.82833260100976,-11.324733000115657,100,
20361,16.82833260100976,-11.324733000115657,100,
20381,16.82833260100976,-11.324733000115657,100,
20402,16.82833260100976,-11.324733000115657,100,
20421,16.82833260100976,-11.324733000115657,100,
20441,16.82833260100976,-11.324733000115657,100,
20462,16.82833260100976,-11.324733000115657,100,
20480,16.82833260100976,-11.324733000115657,100,
20502,16.82833260100976,-11.324733000115657,100,
20521,16.82833260100976,-11.324733000115657,100,
20542,16.82833260100976,-11.324733000115657,100,
20561,16.82833260100976,-11.324733000115657,100,
20581,16.82833260100976,-11.324733000115657,100,
20603,16.82833260100976,-11.324733000115657,100,
20621,16.82833260100976,-11.324733000115657,100,
20644,16.82833260100976,-11.324733000115657,100,
20661,16.82833260100976,-11.324733000115657,100,
20681,16.82833260100976,-11.324733000115657,100,
20701,16.82833260100976,-11.324733000115657,100,
20721,16.82833260100976,-11.324733000115657,100,
20741,16.82833260100976,-11.324733000115657,100,
20761,16.82833260100976,-11.324733000115657,100,
20791,16.82833260100976,-11.324733000115657,100,
20805,16.82833260100976,-11.324733000115657,100,
20832,16.82833260100976,-11.324733000115657,100,
20841,16.82833260100976,-11.324733000115657,100,
20865,16.82833260100976,-11.324733000115657,100,
20881,16.82833260100976,-11.324733000115657,100,
20901,16.82833260100976,-11.324733000115657,100,
20926,16.82833260100976,-11.324733000115657,100,
20947,16.82833260100976,-11.324733000115657,100,
20971,16.82833260100976,-11.324733000115657,100,
20981,16.82833260100976,-11.324733000115657,100,
21001,16.82833260100976,-11.324733000115657,100,
21021,16.82833260100976,-11.324733000115657,100,
21041,16.82833260100976,-11.324733000115657,100,
21061,16.82833260100976,-11.324733000115657,100,
21081,16.82833260100976,-11.324733000115657,100,
21101,16.82833260100976,-11.324733000115657,100,
21121,16.82833260100976,-11.324733000115657,100,
21141,16.82833260100976,-11.324733000115657,100,
21161,16.82833260100976,-11.324733000115657,100,
21181,16.82833260100976,-11.324733000115657,100,
21201,16.82833260100976,-11.324733000115657,100,
21221,16.82833260100976,-11.324733000115657,100,
21241,16.82833260100976,-11.324733000115657,100,
21262,16.82833260100976,-11.324733000115657,100,
21281,16.82833260100976,-11.324733000115657,100,
21302,16.82833260100976,-11.324733000115657,100,
21322,16.82833260100976,-11.324733000115657,100,
21341,16.82833260100976,-11.324733000115657,100,
21361,16.82833260100976,-11.324733000115657,100,
21385,16.82833260100976,-11.324733000115657,100,
21401,16.82833260100976,-11.324733000115657,100,
21421,16.82833260100976,-11.324733000115657,100,
21441,16.82833260100976,-11.324733000115657,100,
21461,16.82833260100976,-11.324733000115657,100,
21481,16.82833260100976,-11.324733000115657,100,
21501,16.82833260100976,-11.324733000115657,100,
21521,16.82833260100976,-11.324733000115657,100,
21541,16.82833260100976,-11.324733000115657,100,
21561,16.82833260100976,-11.324733000115657,100,
21581,16.82833260100976,-11.324733000115657,100,
21601,16.82833260100976,-11.324733000115657,100,
21621,16.82833260100976,-11.324733000115657,100,
21641,16.82833260100976,-11.324733000115657,100,
21661,16.82833260100976,-11.324733000115657,100,
21681,16.82833260100976,-11.324733000115657,100,
21701,16.82833260100976,-11.324733000115657,100,
21721,16.82833260100976,-11.324733000115657,100,
21741,16.82833260100976,-11.324733000115657,100,
21761,16.82833260100976,-11.324733000115657,100,
21781,16.82833260100976,-11.324733000115657,100,
21801,16.82833260100976,-11.324733000115657,100,
21821,16.82833260100976,-11.324733000115657,100,
21841,16.82833260100976,-11.324733000115657,100,
21861,16.82833260100976,-11.324733000115657,100,
21881,16.82833260100976,-11.324733000115657,100,
21901,16.82833260100976,-11.324733000115657,100,
21921,16.82833260100976,-11.324733000115657,100,
21941,16.82833260100976,-11.324733000115657,100,
21961,16.82833260100976,-11.324733000115657,100,
21981,16.82833260100976,-11.324733000115657,100,
22001,16.82833260100976,-11.324733000115657,100,
22021,16.82833260100976,-11.324733000115657,100,
22041,16.82833260100976,-11.324733000115657,100,
22061,16.82833260100976,-11.324733000115657,100,
22081,16.82833260100976,-11.324733000115657,100,
22101,16.82833260100976,-11.324733000115657,100,
22121,16.82833260100976,-11.324733000115657,100,
22141,16.82833260100976,-11.324733000115657,100,
22161,16.82833260100976,-11.324733000115657,100,
22181,16.82833260100976,-11.324733000115657,100,
22201,16.82833260100976,-11.324733000115657,100,
22221,16.82833260100976,-11.324733000115657,100,
22241,16.82833260100976,-11.324733000115657,100,
22262,16.82833260100976,-11.324733000115657,100,
22281,16.82833260100976,-11.324733000115657,100,
22301,16.82833260100976,-11.324733000115657,100,
22321,16.82833260100976,-11.324733000115657,100,
22342,16.82833260100976,-11.324733000115657,100,
22361,16.82833260100976,-11.324733000115657,100,
22381,16.82833260100976,-11.324733000115657,100,
22401,16.82833260100976,-11.324733000115657,100,
22422,16.82833260100976,-11.324733000115657,100,
22441,16.82833260100976,-11.324733000115657,100,
22462,16.82833260100976,-11.324733000115657,100,
22481,16.82833260100976,-11.324733000115657,100,
22501,16.82833260100976,-11.324733000115657,100,
22521,16.82833260100976,-11.324733000115657,100,
22541,16.82833260100976,-11.324733000115657,100,
22561,16.82833260100976,-11.324733000115657,100,
22581,16.82833260100976,-11.324733000115657,100,
22601,16.82833260100976,-11.324733000115657,100,
22621,16.82833260100976,-11.324733000115657,100,
22641,16.82833260100976,-11.324733000115657,100,
22661,16.82833260100976,-11.324733000115657,100,
22681,16.82833260100976,-11.324733000115657,100,
22702,16.82833260100976,-11.324733000115657,100,
22721,16.82833260100976,-11.324733000115657,100,
22741,16.82833260100976,-11.324733000115657,100,
22761,16.82833260100976,-11.324733000115657,100,
22781,16.82833260100976,-11.324733000115657,100,
22802,16.82833260100976,-11.324733000115657,100,
22825,16.82833260100976,-11.324733000115657,100,
22843,16.82833260100976,-11.324733000115657,100,
22861,16.82833260100976,-11.324733000115657,100,
22881,16.82833260100976,-11.324733000115657,100,
22901,16.82833260100976,-11.324733000115657,100,
22921,16.82833260100976,-11.324733000115657,100,
22941,16.82833260100976,-11.324733000115657,100,
22961,16.82833260100976,-11.324733000115657,100,
22981,16.82833260100976,-11.324733000115657,100,
23001,16.82833260100976,-11.324733000115657,100,
23022,16.82833260100976,-11.324733000115657,100,
23041,16.82833260100976,-11.324733000115657,100,
23061,16.82833260100976,-11.324733000115657,100,
23081,16.82833260100976,-11.324733000115657,100,
23102,16.82833260100976,-11.324733000115657,100,
23121,16.82833260100976,-11.324733000115657,100,
23141,16.82833260100976,-11.324733000115657,100,
23161,16.82833260100976,-11.324733000115657,100,
23181,16.82833260100976,-11.324733000115657,100,
23201,16.82833260100976,-11.324733000115657,100,
23221,16.82833260100976,-11.324733000115657,100,
23241,16.82833260100976,-11.324733000115657,100,
23261,16.82833260100976,-11.324733000115657,100,
23281,16.82833260100976,-11.324733000115657,100,
23301,16.82833260100976,-11.324733000115657,100,
23321,16.82833260100976,-11.324733000115657,100,
23347,16.82833260100976,-11.324733000115657,100,
23377,16.82833260100976,-11.324733000115657,100,
23381,16.82833260100976,-11.324733000115657,100,
23410,16.82833260100976,-11.324733000115657,100,
23422,16.82833260100976,-11.324733000115657,100,
23441,16.82833260100976,-11.324733000115657,100,
23461,16.82833260100976,-11.324733000115657,100,
23481,16.82833260100976,-11.324733000115657,100,
23502,16.82833260100976,-11.324733000115657,100,
23521,16.82833260100976,-11.324733000115657,100,
23541,16.82833260100976,-11.324733000115657,100,
23561,16.82833260100976,-11.324733000115657,100,
23581,16.82833260100976,-11.324733000115657,100,
23601,16.82833260100976,-11.324733000115657,100,
23622,16.82833260100976,-11.324733000115657,100,
23641,16.82833260100976,-11.324733000115657,100,
23661,16.82833260100976,-11.324733000115657,100,
23681,16.82833260100976,-11.324733000115657,100,
23702,16.82833260100976,-11.324733000115657,100,
23721,16.82833260100976,-11.324733000115657,100,
23741,16.82833260100976,-11.324733000115657,100,
23761,16.82833260100976,-11.324733000115657,100,
23781,16.82833260100976,-11.324733000115657,100,
23801,16.82833260100976,-11.324733000115657,100,
23821,16.82833260100976,-11.324733000115657,100,
23857,16.82833260100976,-11.324733000115657,100,
23874,16.82833260100976,-11.324733000115657,100,
23896,16.82833260100976,-11.324733000115657,100,
23912,16.82833260100976,-11.324733000115657,100,
23940,16.82833260100976,-11.324733000115657,100,
23941,16.82833260100976,-11.324733000115657,100,
23961,16.82833260100976,-11.324733000115657,100,
23985,16.82833260100976,-11.324733000115657,100,
24002,16.82833260100976,-11.324733000115657,100,
24021,16.82833260100976,-11.324733000115657,100,
24042,16.82833260100976,-11.324733000115657,100,
24061,16.82833260100976,-11.324733000115657,100,
24082,16.82833260100976,-11.324733000115657,100,
24102,16.82833260100976,-11.324733000115657,100,
24124,16.82833260100976,-11.324733000115657,100,
24141,16.82833260100976,-11.324733000115657,100,
24164,16.82833260100976,-11.324733000115657,100,
24182,16.82833260100976,-11.324733000115657,100,
24201,16.82833260100976,-11.324733000115657,100,
24223,16.82833260100976,-11.324733000115657,100,
24241,16.82833260100976,-11.324733000115657,100,
24262,16.82833260100976,-11.324733000115657,100,
24286,16.82833260100976,-11.324733000115657,100,
24302,16.82833260100976,-11.324733000115657,100,
24321,16.82833260100976,-11.324733000115657,100,
24342,16.82833260100976,-11.324733000115657,100,
24361,16.82833260100976,-11.324733000115657,100,
24381,16.82833260100976,-11.324733000115657,100,
24404,16.82833260100976,-11.324733000115657,100,
24421,16.82833260100976,-11.324733000115657,100,
24441,16.82833260100976,-11.324733000115657,100,
24462,16.82833260100976,-11.324733000115657,100,
24481,16.82833260100976,-11.324733000115657,100,
24501,16.82833260100976,-11.324733000115657,100,
24521,16.82833260100976,-11.324733000115657,100,
24541,16.82833260100976,-11.324733000115657,100,
24561,16.82833260100976,-11.324733000115657,100,
24581,16.82833260100976,-11.324733000115657,100,
24601,16.82833260100976,-11.324733000115657,100,
24621,16.82833260100976,-11.324733000115657,100,
24641,16.82833260100976,-11.324733000115657,100,
24661,16.82833260100976,-11.324733000115657,100,
24682,16.82833260100976,-11.324733000115657,100,
24701,16.82833260100976,-11.324733000115657,100,
24722,16.82833260100976,-11.324733000115657,100,
24741,16.82833260100976,-11.324733000115657,100,
24761,16.82833260100976,-11.324733000115657,100,
24781,16.82833260100976,-11.324733000115657,100,
24803,16.82833260100976,-11.324733000115657,100,
24822,16.82833260100976,-11.324733000115657,100,
24842,16.82833260100976,-11.324733000115657,100,
24861,16.82833260100976,-11.324733000115657,100,
24881,16.82833260100976,-11.324733000115657,100,
24901,16.82833260100976,-11.324733000115657,100,
24921,16.82833260100976,-11.324733000115657,100,
24941,16.82833260100976,-11.324733000115657,100,
24961,16.82833260100976,-11.324733000115657,100,
24994,16.82833260100976,-11.324733000115657,100,
25003,16.82833260100976,-11.324733000115657,100,
25021,16.82833260100976,-11.324733000115657,100,
25041,16.82833260100976,-11.324733000115657,100,
25061,16.82833260100976,-11.324733000115657,100,
25081,16.82833260100976,-11.324733000115657,100,
25101,16.82833260100976,-11.324733000115657,100,
25121,16.82833260100976,-11.324733000115657,100,
25141,16.82833260100976,-11.324733000115657,100,
25161,16.82833260100976,-11.324733000115657,100,
25181,16.82833260100976,-11.324733000115657,100,
25201,16.82833260100976,-11.324733000115657,100,
25221,16.82833260100976,-11.324733000115657,100,
25241,16.82833260100976,-11.324733000115657,100,
25264,16.82833260100976,-11.324733000115657,100,
25281,16.82833260100976,-11.324733000115657,100,
25303,16.82833260100976,-11.324733000115657,100,
25325,16.82833260100976,-11.324733000115657,100,
25341,16.82833260100976,-11.324733000115657,100,
25361,16.82833260100976,-11.324733000115657,100,
25382,16.82833260100976,-11.324733000115657,100,
25406,16.82833260100976,-11.324733000115657,100,
25422,16.82833260100976,-11.324733000115657,100,
25444,16.82833260100976,-11.324733000115657,100,
25466,16.82833260100976,-11.324733000115657,100,
25483,16.82833260100976,-11.324733000115657,100,
25500,16.82833260100976,-11.324733000115657,100,
25521,16.82833260100976,-11.324733000115657,100,
25545,16.82833260100976,-11.324733000115657,100,
25561,16.82833260100976,-11.324733000115657,100,
25581,16.82833260100976,-11.324733000115657,100,
25601,16.82833260100976,-11.324733000115657,100,
25621,16.82833260100976,-11.324733000115657,100,
25641,16.82833260100976,-11.324733000115657,100,
25661,16.82833260100976,-11.324733000115657,100,
25681,16.82833260100976,-11.324733000115657,100,
25702,16.82833260100976,-11.324733000115657,100,
25721,16.82833260100976,-11.324733000115657,100,
25741,16.82833260100976,-11.324733000115657,100,
25761,16.82833260100976,-11.324733000115657,100,
25781,16.82833260100976,-11.324733000115657,100,
25801,16.82833260100976,-11.324733000115657,100,
25821,16.82833260100976,-11.324733000115657,100,
25841,16.82833260100976,-11.324733000115657,100,
25861,16.82833260100976,-11.324733000115657,100,
25881,16.82833260100976,-11.324733000115657,100,
